<ConditionalAssertion className="webtool.assertion.compound.ConditionalAssertion" version="1.2">
                    <timestamp>1435752728148</timestamp>
                    <name>Conditional Assertion</name>
                    <ifAssertion>true</ifAssertion>
					  <NumericAssertion className="webtool.assertion.xml.NumericAssertion" version="1.6.2">
						<timestamp>1438361196957</timestamp>
						<name>MainServerStatusCode</name>
						<Assertion_XPath>/root/status/serverStatusCode</Assertion_XPath>
						<NameValuePair className="webtool.data.NameValuePair" version="3.3">
						  <name>Numeric</name>
						  <MultiValue className="webtool.data.MultiValue" version="1.4">
							<StringTestValue className="webtool.data.StringTestValue" version="4.1">
								<value></value>							
							</StringTestValue>							
							<ParameterizedTestValue className="webtool.data.ParameterizedTestValue" version="3.1">
							  <column>responseCode</column>
							 </ParameterizedTestValue>
							 <selectedIndex>-2</selectedIndex>
							 <valuesSize>1</valuesSize>
							  <ScriptedValue className="webtool.data.ScriptedValue" version="1.1">
							  <UserMethod className="com.parasoft.scripting.UserMethod" version="2.2">
							   <code>true</code>
							   <ScriptCode className="com.parasoft.scripting.jsr223.ScriptCode" version="2.1.1.1">
								<ScriptingInput className="com.parasoft.scripting.ScriptingInput" version="6">
								 <useText>true</useText>
								 <ScriptingTextInput className="com.parasoft.scripting.ScriptingTextInput" version="1.3">
								 </ScriptingTextInput>
								</ScriptingInput>
								<ScriptEngineIdentifier className="com.parasoft.scripting.jsr223.ScriptEngineIdentifier" version="1.1">
								</ScriptEngineIdentifier>
							   </ScriptCode>
							   <methodId>true</methodId>
							   <ScriptMethodIdentifier className="com.parasoft.scripting.jsr223.ScriptMethodIdentifier" version="2.1.1">
							   </ScriptMethodIdentifier>
							  </UserMethod>
							 </ScriptedValue>
						  </MultiValue>
						</NameValuePair>
					  </NumericAssertion>
                    <thenAssertion>true</thenAssertion>
					  <AndAssertion className="webtool.assertion.compound.AndAssertion" version="1.2">
						<timestamp>1435587868312</timestamp>
						<name>AdditionalResponse</name>
						<assertionsSize>11-template</assertionsSize>
					</AndAssertion>
                   </ConditionalAssertion>