                       <ElementValue className="webtool.soap.ElementValue" version="1.11.12">
                        <size>1</size>
                        <ComplexValue className="webtool.soap.ComplexValue" version="1.10.12">
                         <allowArrayExclude>true</allowArrayExclude>
                         <attributesSize>1</attributesSize>
                         <AttributeValue className="webtool.soap.AttributeValue" version="1.3.12">
                          <StringValue className="webtool.soap.StringValue" version="1.7.1.12">
                           <value>number</value>
                          </StringValue>
						  <useValue>true</useValue>
                         </AttributeValue>
                         <contentValue>true</contentValue>
                         <StringValue className="webtool.soap.StringValue" version="1.7.1.12">
						 <mode>3</mode>
                          <columnName>printCopy Cnt</columnName>
						  <value>3</value>
                         </StringValue>
                        </ComplexValue>
                       </ElementValue>