<NameValuePair className="webtool.data.NameValuePair" version="3.3">
        <name>workstationTerminalNum</name>
        <MultiValue className="webtool.data.MultiValue" version="1.4">
         <StringTestValue className="webtool.data.StringTestValue" version="4.1">
			<value></value>
         </StringTestValue>
         <ParameterizedTestValue className="webtool.data.ParameterizedTestValue" version="3.1">
		 <column>workstationTerminalNum</column>
         </ParameterizedTestValue>
         <valuesSize>1</valuesSize>
         <ScriptedValue className="webtool.data.ScriptedValue" version="1.1">
          <UserMethod className="com.parasoft.scripting.UserMethod" version="2.2">
           <code>true</code>
           <ScriptCode className="com.parasoft.scripting.jsr223.ScriptCode" version="2.1.1.1">
            <ScriptingInput className="com.parasoft.scripting.ScriptingInput" version="6">
             <useText>true</useText>
             <ScriptingTextInput className="com.parasoft.scripting.ScriptingTextInput" version="1.3">
             </ScriptingTextInput>
            </ScriptingInput>
            <ScriptEngineIdentifier className="com.parasoft.scripting.jsr223.ScriptEngineIdentifier" version="1.1">
            </ScriptEngineIdentifier>
           </ScriptCode>
           <methodId>true</methodId>
           <ScriptMethodIdentifier className="com.parasoft.scripting.jsr223.ScriptMethodIdentifier" version="2.1.1">
           </ScriptMethodIdentifier>
          </UserMethod>
         </ScriptedValue>
        </MultiValue>
       </NameValuePair> 
