               <ElementType className="webtool.soap.ElementType" version="2.12.3">
                <hash>17</hash>
                <minOccurs>0</minOccurs>
                <maxOccurs>-1</maxOccurs>
                <nillable>true</nillable>
                <localName>item</localName>
                <ComplexType className="webtool.soap.ComplexType" version="2.10.3">
                 <hash>18</hash>
                 <attributesSize>1</attributesSize>
                 <AttributeType className="webtool.soap.AttributeType" version="2.3.3">
                  <hash>19</hash>
                  <name>type</name>
                  <fixed>object</fixed>
                  <StringType className="webtool.soap.StringType" version="2">
                   <hash>4</hash>
                  </StringType>
                  <required>true</required>
                 </AttributeType>
                 <name>anonymous</name>
                 <compositor>true</compositor>
                 <AllCompositor className="webtool.soap.AllCompositor" version="2.1.3.3">
                  <hash>20</hash>
                  <paramTypesSize>template</paramTypesSize>
				  </AllCompositor>
                </ComplexType>
               </ElementType>
          