 <TestSuite className="webtool.test.TestSuite" version="43.15.2">
     <DebugAssets className="webtool.test.debug.DebugAssets" version="1">
     </DebugAssets>
     <ReportingSettings className="webtool.test.ReportingSettings" version="1.1">
      <TestGRSSettings className="webtool.test.grs.TestGRSSettings" version="1.4.3">
      </TestGRSSettings>
     </ReportingSettings>
     <testLogic>true</testLogic>
     <TestLogic className="webtool.test.logic.TestLogic" version="1.7">
      <TestExecutionDelay className="webtool.test.logic.TestExecutionDelay" version="1.2">
      </TestExecutionDelay>
      <TestExecutionDelay className="webtool.test.logic.TestExecutionDelay" version="1.2">
      </TestExecutionDelay>
      <TestDependencyLogic className="webtool.test.logic.TestDependencyLogic" version="1.2">
      </TestDependencyLogic>
     </TestLogic>
     <testID>73</testID>
     <enabled>true</enabled>
     <name>ftpdeliveries-positive-testSuite</name>
     <TestSuitePerformanceOptions className="webtool.test.performance.TestSuitePerformanceOptions" version="1.5">
      <APMPerformanceProfileProviderContainer className="webtool.test.performance.apm.APMPerformanceProfileProviderContainer" version="1.1">
      </APMPerformanceProfileProviderContainer>
      <profiless size="0">
      </profiless>
     </TestSuitePerformanceOptions>
     <AdvancedExecutionOptions className="webtool.test.AdvancedExecutionOptions" version="1.3">
     </AdvancedExecutionOptions>
     <TestSuiteLoadTestOptions className="webtool.loadtest.sim.component.soatest.TestSuiteLoadTestOptions" version="1.1">
     </TestSuiteLoadTestOptions>
     <SetupTeardownOptions className="webtool.test.SetupTeardownOptions" version="1.1">
     </SetupTeardownOptions>
     <browserOptions>true</browserOptions>
     <TestSuiteBrowserTestingOptions className="webtool.test.TestSuiteBrowserTestingOptions" version="1.14">
      <DefaultCustomFrameworkOption className="webtool.tool.DefaultCustomFrameworkOption" version="1.1.1">
      </DefaultCustomFrameworkOption>
      <InheritingAuthentication className="webtool.test.InheritingAuthentication" version="1.4">
      </InheritingAuthentication>
      <DefaultCustomHeadlessOption className="webtool.tool.DefaultCustomHeadlessOption" version="1.1.1">
      </DefaultCustomHeadlessOption>
      <DefaultCustomBrowserType className="webtool.tool.DefaultCustomBrowserType" version="1.8.1">
       <CompositeBrowserType className="com.parasoft.util.CompositeBrowserType" version="1.1.1">
        <browserTypes size="3">
         <SingleBrowserType className="com.parasoft.util.SingleBrowserType" index="0" version="1.1.1">
          <typeValue>0</typeValue>
         </SingleBrowserType>
         <SingleBrowserType className="com.parasoft.util.SingleBrowserType" index="1" version="1.1.1">
          <typeValue>1</typeValue>
         </SingleBrowserType>
         <SingleBrowserType className="com.parasoft.util.SingleBrowserType" index="2" version="1.1.1">
          <typeValue>3</typeValue>
         </SingleBrowserType>
        </browserTypes>
       </CompositeBrowserType>
      </DefaultCustomBrowserType>
     </TestSuiteBrowserTestingOptions>
     <TestSuiteSoapClientOptions className="webtool.test.TestSuiteSoapClientOptions" version="1.2">
      <WsdlEndpointOptions className="webtool.tool.WsdlEndpointOptions" version="1.1">
       <DefaultCustomWsdl className="webtool.tool.DefaultCustomWsdl" version="1.1.1">
       </DefaultCustomWsdl>
       <DefaultCustomEndpoint className="webtool.tool.DefaultCustomEndpoint" version="1.1.1">
       </DefaultCustomEndpoint>
      </WsdlEndpointOptions>
      <SOAPRPCToolOptions className="webtool.app.SOAPRPCToolOptions" version="1.5">
       <ResetExistingCookiesPreferenceProviderImpl className="webtool.tool.ResetExistingCookiesPreferenceProviderImpl" version="1.1">
       </ResetExistingCookiesPreferenceProviderImpl>
       <DefaultResetExistingCookies className="webtool.tool.DefaultResetExistingCookies" version="1.1.1">
       </DefaultResetExistingCookies>
       <RequestHeaderConstrainProviderImpl className="webtool.tool.RequestHeaderConstrainProviderImpl" version="1.1">
       </RequestHeaderConstrainProviderImpl>
       <DefaultCustomConstrain className="webtool.tool.DefaultCustomConstrain" version="1.1.1">
       </DefaultCustomConstrain>
       <DefaultCustomEncoding className="webtool.tool.DefaultCustomEncoding" version="1.1.1">
       </DefaultCustomEncoding>
       <DefaultCustomTimeout className="webtool.tool.DefaultCustomTimeout" version="1.2.1">
       </DefaultCustomTimeout>
       <DefaultCustomSoapVersion className="webtool.tool.DefaultCustomSoapVersion" version="1.1.1">
       </DefaultCustomSoapVersion>
       <DefaultCustomAttachment className="webtool.tool.DefaultCustomAttachment" version="1.1.1">
       </DefaultCustomAttachment>
       <DefaultCustomTransport className="webtool.tool.DefaultCustomTransport" version="1.1.1">
       </DefaultCustomTransport>
      </SOAPRPCToolOptions>
     </TestSuiteSoapClientOptions>
     <profileMappingID>0</profileMappingID>
     <maxProfileMappingID>1</maxProfileMappingID>
     <PropertyOwnerImpl className="com.parasoft.property.PropertyOwnerImpl" version="1.1">
     </PropertyOwnerImpl>
     <nextIdentifier>1</nextIdentifier>
	<testsSize>21</testsSize>
	 <RESTClientToolTest className="webtool.soap.http.RESTClientToolTest" version="2.1.4.15.2">
      <DebugAssets className="webtool.test.debug.DebugAssets" version="1">
      </DebugAssets>
      <ReportingSettings className="webtool.test.ReportingSettings" version="1.1">
       <TestGRSSettings className="webtool.test.grs.TestGRSSettings" version="1.4.3">
       </TestGRSSettings>
      </ReportingSettings>
      <testLogic>true</testLogic>
      <TestLogic className="webtool.test.logic.TestLogic" version="1.7">
       <TestExecutionDelay className="webtool.test.logic.TestExecutionDelay" version="1.2">
       </TestExecutionDelay>
       <TestExecutionDelay className="webtool.test.logic.TestExecutionDelay" version="1.2">
       </TestExecutionDelay>
       <condition>true</condition>
       <TestLogicVariableCondition className="webtool.test.logic.TestLogicVariableCondition" version="1.2">
       </TestLogicVariableCondition>
       <TestDependencyLogic className="webtool.test.logic.TestDependencyLogic" version="1.2">
       </TestDependencyLogic>
      </TestLogic>
      <testID>74</testID>
      <enabled>true</enabled>
      <name>REST Client</name>
      <RESTClient className="webtool.soap.http.RESTClient" version="v.2.15.28.14">
       <dataSourceNames size="1">
        <dataSourceName index="0">Pos-Mailing</dataSourceName>
       </dataSourceNames>
       <iconName>RESTClient</iconName>
       <name>ftpdeliveries-positive</name>
       <MessagingSchemaElement className="webtool.soap.http.MessagingSchemaElement" version="2">
		<elementTypeName>root</elementTypeName>
       </MessagingSchemaElement>
       <JSONBuilder className="webtool.ecmascript.json.JSONBuilder" version="2">
        <hasValue>true</hasValue>
        <JSONObjectValue className="webtool.ecmascript.json.JSONObjectValue" version="1.1.1">
         <nameIsNull>true</nameIsNull>
         <JSONValueCollection className="webtool.ecmascript.json.JSONValueCollection" version="2">
         </JSONValueCollection>
        </JSONObjectValue>
       </JSONBuilder>
       <LocationObject className="webtool.wsdl.LocationObject" version="2">
       </LocationObject>
       <MessagingSchemaElement className="webtool.soap.http.MessagingSchemaElement" version="2">
        <ElementValue className="webtool.soap.ElementValue" version="1.11.12">
         <writeType>true</writeType>
         <hasReference>true</hasReference>
         <qnameAsString>:</qnameAsString>
         <size>1</size>
         <ComplexValue className="webtool.soap.ComplexValue" version="1.10.12">
          <compositorValue>true</compositorValue>
          <CompositorValue className="webtool.soap.CompositorValue" version="1.3.12">
           <CompositorValueSetCollectionSet className="webtool.soap.CompositorValueSetCollectionSet" version="1.1">
            <setSize>1</setSize>
            <CompositorValueSet className="webtool.soap.CompositorValueSet" version="1.1">
            </CompositorValueSet>
           </CompositorValueSetCollectionSet>
          </CompositorValue>
         </ComplexValue>
        </ElementValue>
       </MessagingSchemaElement>
       <constrainToSchema>false</constrainToSchema>
       <DefaultCustomTimeout className="webtool.tool.DefaultCustomTimeout" version="1.2.1">
        <useDefault>false</useDefault>
        <timeout>3000000</timeout>
       </DefaultCustomTimeout>
       <NameValueProperties className="webtool.data.NameValueProperties" version="1.4">
       </NameValueProperties>
       <MapMessageProperties className="webtool.soap.jms.MapMessageProperties" version="1.1">
       </MapMessageProperties>
       <JMSMessageOutputProvider className="webtool.soap.jms.JMSMessageOutputProvider" version="3.1.1">
        <JMSOutputProvider className="webtool.soap.jms.JMSOutputProvider" version="1.1">
         <name>Request Object</name>
         <menuName>Object</menuName>
        </JMSOutputProvider>
        <JMSOutputProvider className="webtool.soap.jms.JMSOutputProvider" version="1.1">
         <name>Response Message Object</name>
         <menuName>Message Object</menuName>
        </JMSOutputProvider>
       </JMSMessageOutputProvider>
       <ValidResponseRange className="webtool.messaging.ValidResponseRange" version="1.3">
        <MultiValue className="webtool.data.MultiValue" version="1.4">
         <StringTestValue className="webtool.data.StringTestValue" version="4.1">
          <validResponseRange>200</validResponseRange>
         </StringTestValue>
         <ParameterizedTestValue className="webtool.data.ParameterizedTestValue" version="3.1">
			<column>responseCode</column>
         </ParameterizedTestValue>
		 <selectedIndex>-2</selectedIndex>
         <valuesSize>1</valuesSize>
         <ScriptedValue className="webtool.data.ScriptedValue" version="1.1">
          <UserMethod className="com.parasoft.scripting.UserMethod" version="2.2">
           <code>true</code>
           <ScriptCode className="com.parasoft.scripting.jsr223.ScriptCode" version="2.1.1.1">
            <ScriptingInput className="com.parasoft.scripting.ScriptingInput" version="6">
             <useText>true</useText>
             <ScriptingTextInput className="com.parasoft.scripting.ScriptingTextInput" version="1.3">
             </ScriptingTextInput>
            </ScriptingInput>
            <ScriptEngineIdentifier className="com.parasoft.scripting.jsr223.ScriptEngineIdentifier" version="1.1">
            </ScriptEngineIdentifier>
           </ScriptCode>
           <methodId>true</methodId>
           <ScriptMethodIdentifier className="com.parasoft.scripting.jsr223.ScriptMethodIdentifier" version="2.1.1">
           </ScriptMethodIdentifier>
          </UserMethod>
         </ScriptedValue>
        </MultiValue>
       </ValidResponseRange>
       <NameValueProperties className="webtool.data.NameValueProperties" version="1.4">
       </NameValueProperties>
       <MultiValue className="webtool.data.MultiValue" version="1.4">
        <StringTestValue className="webtool.data.StringTestValue" version="4.1">
         <HTTPClient_Endpoint>http://ocp.api.sys.td.com/com-td-ocp-delivery-api/ftpdeliveries-template</HTTPClient_Endpoint>
        </StringTestValue>
        <ParameterizedTestValue className="webtool.data.ParameterizedTestValue" version="3.1">
        </ParameterizedTestValue>
        <valuesSize>1</valuesSize>
        <ScriptedValue className="webtool.data.ScriptedValue" version="1.1">
         <UserMethod className="com.parasoft.scripting.UserMethod" version="2.2">
          <code>true</code>
          <ScriptCode className="com.parasoft.scripting.jsr223.ScriptCode" version="2.1.1.1">
           <ScriptingInput className="com.parasoft.scripting.ScriptingInput" version="6">
            <useText>true</useText>
            <ScriptingTextInput className="com.parasoft.scripting.ScriptingTextInput" version="1.3">
            </ScriptingTextInput>
           </ScriptingInput>
           <ScriptEngineIdentifier className="com.parasoft.scripting.jsr223.ScriptEngineIdentifier" version="1.1">
           </ScriptEngineIdentifier>
          </ScriptCode>
          <methodId>true</methodId>
          <ScriptMethodIdentifier className="com.parasoft.scripting.jsr223.ScriptMethodIdentifier" version="2.1.1">
          </ScriptMethodIdentifier>
         </UserMethod>
        </ScriptedValue>
       </MultiValue>
       <NameValueProperties className="webtool.data.NameValueProperties" version="1.4">
	   templateforNameValuePair
       </NameValueProperties>
       <TransportProperties className="webtool.messaging.TransportProperties" version="11">
        <ProtocolPropertiesManager className="webtool.messaging.ProtocolPropertiesManager" version="1">
         <size>3</size>
         <HTTPClientHTTPProperties className="webtool.soap.http.HTTPClientHTTPProperties" version="3.15">
          <followRedirects spDataVersion="9.9.5">true</followRedirects>
          <ApplyableBooleanConfiguration className="com.parasoft.gui.ApplyableBooleanConfiguration" version="1.2.2">
           <bool spDataVersion="9.9.5">true</bool>
          </ApplyableBooleanConfiguration>
          <HTTPCompressionConfiguration className="webtool.messaging.HTTPCompressionConfiguration" version="1.1">
          </HTTPCompressionConfiguration>
          <CommonHTTPProperties className="webtool.messaging.CommonHTTPProperties" version="4">
           <MultiValue className="webtool.data.MultiValue" version="1.4">
            <HTTPMethodTestValue className="webtool.messaging.HTTPMethodTestValue" version="1.1">
             <method>POST-template</method>
            </HTTPMethodTestValue>
            <ParameterizedTestValue className="webtool.data.ParameterizedTestValue" version="3.1">
            </ParameterizedTestValue>
            <valuesSize>1</valuesSize>
            <ScriptedValue className="webtool.data.ScriptedValue" version="1.1">
             <UserMethod className="com.parasoft.scripting.UserMethod" version="2.2">
              <code>true</code>
              <ScriptCode className="com.parasoft.scripting.jsr223.ScriptCode" version="2.1.1.1">
               <ScriptingInput className="com.parasoft.scripting.ScriptingInput" version="6">
                <useText>true</useText>
                <ScriptingTextInput className="com.parasoft.scripting.ScriptingTextInput" version="1.3">
                </ScriptingTextInput>
               </ScriptingInput>
               <ScriptEngineIdentifier className="com.parasoft.scripting.jsr223.ScriptEngineIdentifier" version="1.1">
               </ScriptEngineIdentifier>
              </ScriptCode>
              <methodId>true</methodId>
              <ScriptMethodIdentifier className="com.parasoft.scripting.jsr223.ScriptMethodIdentifier" version="2.1.1">
              </ScriptMethodIdentifier>
             </UserMethod>
            </ScriptedValue>
           </MultiValue>
           <OAuthConfiguration className="webtool.security.oauth.OAuthConfiguration" version="1">
            <MultiValue className="webtool.data.MultiValue" version="1.4">
             <StringTestValue className="webtool.data.StringTestValue" version="4.1">
             </StringTestValue>
             <ParameterizedTestValue className="webtool.data.ParameterizedTestValue" version="3.1">
             </ParameterizedTestValue>
            </MultiValue>
            <MultiValue className="webtool.data.MultiValue" version="1.4">
             <StringTestValue className="webtool.data.StringTestValue" version="4.1">
             </StringTestValue>
             <ParameterizedTestValue className="webtool.data.ParameterizedTestValue" version="3.1">
             </ParameterizedTestValue>
            </MultiValue>
            <OAuthSignRequestConfiguration className="webtool.security.oauth.OAuthSignRequestConfiguration" version="1">
             <MultiValue className="webtool.data.MultiValue" version="1.4">
              <StringTestValue className="webtool.data.StringTestValue" version="4.1">
              </StringTestValue>
              <ParameterizedTestValue className="webtool.data.ParameterizedTestValue" version="3.1">
              </ParameterizedTestValue>
             </MultiValue>
             <MultiValue className="webtool.data.MultiValue" version="1.4">
              <StringTestValue className="webtool.data.StringTestValue" version="4.1">
              </StringTestValue>
              <ParameterizedTestValue className="webtool.data.ParameterizedTestValue" version="3.1">
              </ParameterizedTestValue>
             </MultiValue>
            </OAuthSignRequestConfiguration>
            <OAuthGetRequestTokenConfiguration className="webtool.security.oauth.OAuthGetRequestTokenConfiguration" version="1">
             <MultiValue className="webtool.data.MultiValue" version="1.4">
              <StringTestValue className="webtool.data.StringTestValue" version="4.1">
              </StringTestValue>
              <ParameterizedTestValue className="webtool.data.ParameterizedTestValue" version="3.1">
              </ParameterizedTestValue>
             </MultiValue>
            </OAuthGetRequestTokenConfiguration>
            <OAuthGetAccessTokenConfiguration className="webtool.security.oauth.OAuthGetAccessTokenConfiguration" version="1">
             <MultiValue className="webtool.data.MultiValue" version="1.4">
              <StringTestValue className="webtool.data.StringTestValue" version="4.1">
              </StringTestValue>
              <ParameterizedTestValue className="webtool.data.ParameterizedTestValue" version="3.1">
              </ParameterizedTestValue>
             </MultiValue>
             <MultiValue className="webtool.data.MultiValue" version="1.4">
              <StringTestValue className="webtool.data.StringTestValue" version="4.1">
              </StringTestValue>
              <ParameterizedTestValue className="webtool.data.ParameterizedTestValue" version="3.1">
              </ParameterizedTestValue>
             </MultiValue>
             <MultiValue className="webtool.data.MultiValue" version="1.4">
              <StringTestValue className="webtool.data.StringTestValue" version="4.1">
              </StringTestValue>
              <ParameterizedTestValue className="webtool.data.ParameterizedTestValue" version="3.1">
              </ParameterizedTestValue>
             </MultiValue>
            </OAuthGetAccessTokenConfiguration>
            <NameValueProperties className="webtool.data.NameValueProperties" version="1.4">
            </NameValueProperties>
           </OAuthConfiguration>
           <ApplyableResetExistingCookiesConfiguration className="webtool.tool.ApplyableResetExistingCookiesConfiguration" version="1.1.2">
            <ResetExistingCookiesPreferenceProviderImpl className="webtool.tool.ResetExistingCookiesPreferenceProviderImpl" version="1.1">
            </ResetExistingCookiesPreferenceProviderImpl>
            <DefaultResetExistingCookies className="webtool.tool.DefaultResetExistingCookies" version="1.1.1">
            </DefaultResetExistingCookies>
           </ApplyableResetExistingCookiesConfiguration>
           <ClientSideSSLProperties className="webtool.security.ClientSideSSLProperties" version="1.1">
           </ClientSideSSLProperties>
           <NameValueProperties className="webtool.data.NameValueProperties" version="1.4">
            <propertiesSize>3</propertiesSize>
            <NameValuePair className="webtool.data.NameValuePair" version="3.3">
             <name>Authorization</name>
             <MultiValue className="webtool.data.MultiValue" version="1.4">
              <StringTestValue className="webtool.data.StringTestValue" version="4.1">
               <value>${TOKEN}</value>
              </StringTestValue>
              <ParameterizedTestValue className="webtool.data.ParameterizedTestValue" version="3.1">
               <column>Authorization_OAuth_Token</column>
              </ParameterizedTestValue>
              <selectedIndex>-2</selectedIndex>
              <valuesSize>1</valuesSize>
              <ScriptedValue className="webtool.data.ScriptedValue" version="1.1">
               <UserMethod className="com.parasoft.scripting.UserMethod" version="2.2">
                <code>true</code>
                <ScriptCode className="com.parasoft.scripting.jsr223.ScriptCode" version="2.1.1.1">
                 <ScriptingInput className="com.parasoft.scripting.ScriptingInput" version="6">
                  <useText>true</useText>
                  <ScriptingTextInput className="com.parasoft.scripting.ScriptingTextInput" version="1.3">
                  </ScriptingTextInput>
                 </ScriptingInput>
                 <ScriptEngineIdentifier className="com.parasoft.scripting.jsr223.ScriptEngineIdentifier" version="1.1">
                 </ScriptEngineIdentifier>
                </ScriptCode>
                <methodId>true</methodId>
                <ScriptMethodIdentifier className="com.parasoft.scripting.jsr223.ScriptMethodIdentifier" version="2.1.1">
                </ScriptMethodIdentifier>
               </UserMethod>
              </ScriptedValue>
             </MultiValue>
            </NameValuePair>
            <NameValuePair className="webtool.data.NameValuePair" version="3.3">
             <name>MessageID</name>
             <MultiValue className="webtool.data.MultiValue" version="1.4">
              <StringTestValue className="webtool.data.StringTestValue" version="4.1">               
              </StringTestValue>
              <ParameterizedTestValue className="webtool.data.ParameterizedTestValue" version="3.1">
               <column>MessageID</column>
              </ParameterizedTestValue>
              <selectedIndex>-2</selectedIndex>
              <valuesSize>1</valuesSize>
              <ScriptedValue className="webtool.data.ScriptedValue" version="1.1">
               <UserMethod className="com.parasoft.scripting.UserMethod" version="2.2">
                <code>true</code>
                <ScriptCode className="com.parasoft.scripting.jsr223.ScriptCode" version="2.1.1.1">
                 <ScriptingInput className="com.parasoft.scripting.ScriptingInput" version="6">
                  <useText>true</useText>
                  <ScriptingTextInput className="com.parasoft.scripting.ScriptingTextInput" version="1.3">
                  </ScriptingTextInput>
                 </ScriptingInput>
                 <ScriptEngineIdentifier className="com.parasoft.scripting.jsr223.ScriptEngineIdentifier" version="1.1">
                 </ScriptEngineIdentifier>
                </ScriptCode>
                <methodId>true</methodId>
                <ScriptMethodIdentifier className="com.parasoft.scripting.jsr223.ScriptMethodIdentifier" version="2.1.1">
                </ScriptMethodIdentifier>
               </UserMethod>
              </ScriptedValue>
             </MultiValue>
            </NameValuePair>
            <NameValuePair className="webtool.data.NameValuePair" version="3.3">
             <name>TraceabilityId</name>
             <MultiValue className="webtool.data.MultiValue" version="1.4">
              <StringTestValue className="webtool.data.StringTestValue" version="4.1">
               <value>${TRACEABILITYID}</value>
              </StringTestValue>
              <ParameterizedTestValue className="webtool.data.ParameterizedTestValue" version="3.1">
               <column>TraceabilityId</column>
              </ParameterizedTestValue>
              <selectedIndex>-2</selectedIndex>
              <valuesSize>1</valuesSize>
              <ScriptedValue className="webtool.data.ScriptedValue" version="1.1">
               <UserMethod className="com.parasoft.scripting.UserMethod" version="2.2">
                <code>true</code>
                <ScriptCode className="com.parasoft.scripting.jsr223.ScriptCode" version="2.1.1.1">
                 <ScriptingInput className="com.parasoft.scripting.ScriptingInput" version="6">
                  <useText>true</useText>
                  <ScriptingTextInput className="com.parasoft.scripting.ScriptingTextInput" version="1.3">
                  </ScriptingTextInput>
                 </ScriptingInput>
                 <ScriptEngineIdentifier className="com.parasoft.scripting.jsr223.ScriptEngineIdentifier" version="1.1">
                 </ScriptEngineIdentifier>
                </ScriptCode>
                <methodId>true</methodId>
                <ScriptMethodIdentifier className="com.parasoft.scripting.jsr223.ScriptMethodIdentifier" version="2.1.1">
                </ScriptMethodIdentifier>
               </UserMethod>
              </ScriptedValue>
             </MultiValue>
            </NameValuePair>
           </NameValueProperties>
           <Authentication className="webtool.security.Authentication" version="2.4">
            <NameValuePair className="webtool.data.NameValuePair" version="3.3">
             <name>Service</name>
             <MultiValue className="webtool.data.MultiValue" version="1.4">
              <StringTestValue className="webtool.data.StringTestValue" version="4.1">
              </StringTestValue>
              <ParameterizedTestValue className="webtool.data.ParameterizedTestValue" version="3.1">
              </ParameterizedTestValue>
             </MultiValue>
            </NameValuePair>
            <NameValuePair className="webtool.data.NameValuePair" version="3.3">
             <name>Username</name>
             <MultiValue className="webtool.data.MultiValue" version="1.4">
              <StringTestValue className="webtool.data.StringTestValue" version="4.1">
              </StringTestValue>
              <ParameterizedTestValue className="webtool.data.ParameterizedTestValue" version="3.1">
              </ParameterizedTestValue>
             </MultiValue>
            </NameValuePair>
            <NameValuePair className="webtool.data.NameValuePair" version="3.3">
             <name>Password</name>
             <MultiValue className="webtool.data.MultiValue" version="1.4">
              <PasswordTestValue className="webtool.data.PasswordTestValue" version="1.1">
              </PasswordTestValue>
              <ParameterizedTestValue className="webtool.data.ParameterizedTestValue" version="3.1">
              </ParameterizedTestValue>
             </MultiValue>
            </NameValuePair>
           </Authentication>
          </CommonHTTPProperties>
          <ApplyableBooleanConfiguration className="com.parasoft.gui.ApplyableBooleanConfiguration" version="1.2.2">
          </ApplyableBooleanConfiguration>
          <ApplyableBooleanConfiguration className="com.parasoft.gui.ApplyableBooleanConfiguration" version="1.2.2">
          </ApplyableBooleanConfiguration>
          <ApplyableBooleanConfiguration className="com.parasoft.gui.ApplyableBooleanConfiguration" version="1.2.2">
           <bool>true</bool>
          </ApplyableBooleanConfiguration>
         </HTTPClientHTTPProperties>
         <HTTPClientHTTPProperties className="webtool.soap.http.HTTPClientHTTPProperties" version="3.15">
          <followRedirects spDataVersion="9.9.5">true</followRedirects>
          <ApplyableBooleanConfiguration className="com.parasoft.gui.ApplyableBooleanConfiguration" version="1.2.2">
           <bool spDataVersion="9.9.5">true</bool>
          </ApplyableBooleanConfiguration>
          <HTTPCompressionConfiguration className="webtool.messaging.HTTPCompressionConfiguration" version="1.1">
          </HTTPCompressionConfiguration>
          <CommonHTTPProperties className="webtool.messaging.CommonHTTPProperties" version="4">
           <MultiValue className="webtool.data.MultiValue" version="1.4">
            <HTTPMethodTestValue className="webtool.messaging.HTTPMethodTestValue" version="1.1">
             <method>POST-template</method>
            </HTTPMethodTestValue>
            <ParameterizedTestValue className="webtool.data.ParameterizedTestValue" version="3.1">
            </ParameterizedTestValue>
            <valuesSize>1</valuesSize>
            <ScriptedValue className="webtool.data.ScriptedValue" version="1.1">
             <UserMethod className="com.parasoft.scripting.UserMethod" version="2.2">
              <code>true</code>
              <ScriptCode className="com.parasoft.scripting.jsr223.ScriptCode" version="2.1.1.1">
               <ScriptingInput className="com.parasoft.scripting.ScriptingInput" version="6">
                <useText>true</useText>
                <ScriptingTextInput className="com.parasoft.scripting.ScriptingTextInput" version="1.3">
                </ScriptingTextInput>
               </ScriptingInput>
               <ScriptEngineIdentifier className="com.parasoft.scripting.jsr223.ScriptEngineIdentifier" version="1.1">
               </ScriptEngineIdentifier>
              </ScriptCode>
              <methodId>true</methodId>
              <ScriptMethodIdentifier className="com.parasoft.scripting.jsr223.ScriptMethodIdentifier" version="2.1.1">
              </ScriptMethodIdentifier>
             </UserMethod>
            </ScriptedValue>
           </MultiValue>
           <OAuthConfiguration className="webtool.security.oauth.OAuthConfiguration" version="1">
            <MultiValue className="webtool.data.MultiValue" version="1.4">
             <StringTestValue className="webtool.data.StringTestValue" version="4.1">
             </StringTestValue>
             <ParameterizedTestValue className="webtool.data.ParameterizedTestValue" version="3.1">
             </ParameterizedTestValue>
            </MultiValue>
            <MultiValue className="webtool.data.MultiValue" version="1.4">
             <StringTestValue className="webtool.data.StringTestValue" version="4.1">
             </StringTestValue>
             <ParameterizedTestValue className="webtool.data.ParameterizedTestValue" version="3.1">
             </ParameterizedTestValue>
            </MultiValue>
            <OAuthSignRequestConfiguration className="webtool.security.oauth.OAuthSignRequestConfiguration" version="1">
             <MultiValue className="webtool.data.MultiValue" version="1.4">
              <StringTestValue className="webtool.data.StringTestValue" version="4.1">
              </StringTestValue>
              <ParameterizedTestValue className="webtool.data.ParameterizedTestValue" version="3.1">
              </ParameterizedTestValue>
             </MultiValue>
             <MultiValue className="webtool.data.MultiValue" version="1.4">
              <StringTestValue className="webtool.data.StringTestValue" version="4.1">
              </StringTestValue>
              <ParameterizedTestValue className="webtool.data.ParameterizedTestValue" version="3.1">
              </ParameterizedTestValue>
             </MultiValue>
            </OAuthSignRequestConfiguration>
            <OAuthGetRequestTokenConfiguration className="webtool.security.oauth.OAuthGetRequestTokenConfiguration" version="1">
             <MultiValue className="webtool.data.MultiValue" version="1.4">
              <StringTestValue className="webtool.data.StringTestValue" version="4.1">
              </StringTestValue>
              <ParameterizedTestValue className="webtool.data.ParameterizedTestValue" version="3.1">
              </ParameterizedTestValue>
             </MultiValue>
            </OAuthGetRequestTokenConfiguration>
            <OAuthGetAccessTokenConfiguration className="webtool.security.oauth.OAuthGetAccessTokenConfiguration" version="1">
             <MultiValue className="webtool.data.MultiValue" version="1.4">
              <StringTestValue className="webtool.data.StringTestValue" version="4.1">
              </StringTestValue>
              <ParameterizedTestValue className="webtool.data.ParameterizedTestValue" version="3.1">
              </ParameterizedTestValue>
             </MultiValue>
             <MultiValue className="webtool.data.MultiValue" version="1.4">
              <StringTestValue className="webtool.data.StringTestValue" version="4.1">
              </StringTestValue>
              <ParameterizedTestValue className="webtool.data.ParameterizedTestValue" version="3.1">
              </ParameterizedTestValue>
             </MultiValue>
             <MultiValue className="webtool.data.MultiValue" version="1.4">
              <StringTestValue className="webtool.data.StringTestValue" version="4.1">
              </StringTestValue>
              <ParameterizedTestValue className="webtool.data.ParameterizedTestValue" version="3.1">
              </ParameterizedTestValue>
             </MultiValue>
            </OAuthGetAccessTokenConfiguration>
            <NameValueProperties className="webtool.data.NameValueProperties" version="1.4">
            </NameValueProperties>
           </OAuthConfiguration>
           <ApplyableResetExistingCookiesConfiguration className="webtool.tool.ApplyableResetExistingCookiesConfiguration" version="1.1.2">
            <ResetExistingCookiesPreferenceProviderImpl className="webtool.tool.ResetExistingCookiesPreferenceProviderImpl" version="1.1">
            </ResetExistingCookiesPreferenceProviderImpl>
            <DefaultResetExistingCookies className="webtool.tool.DefaultResetExistingCookies" version="1.1.1">
            </DefaultResetExistingCookies>
           </ApplyableResetExistingCookiesConfiguration>
           <ClientSideSSLProperties className="webtool.security.ClientSideSSLProperties" version="1.1">
           </ClientSideSSLProperties>
           <NameValueProperties className="webtool.data.NameValueProperties" version="1.4">
            <propertiesSize>3</propertiesSize>
            <NameValuePair className="webtool.data.NameValuePair" version="3.3">
             <name>Authorization</name>
             <MultiValue className="webtool.data.MultiValue" version="1.4">
              <StringTestValue className="webtool.data.StringTestValue" version="4.1">
               <value>${TOKEN}</value>
              </StringTestValue>
              <ParameterizedTestValue className="webtool.data.ParameterizedTestValue" version="3.1">
               <column>Test 4: access_token</column>
              </ParameterizedTestValue>
              <selectedIndex>-2</selectedIndex>
              <valuesSize>1</valuesSize>
              <ScriptedValue className="webtool.data.ScriptedValue" version="1.1">
               <UserMethod className="com.parasoft.scripting.UserMethod" version="2.2">
                <code>true</code>
                <ScriptCode className="com.parasoft.scripting.jsr223.ScriptCode" version="2.1.1.1">
                 <ScriptingInput className="com.parasoft.scripting.ScriptingInput" version="6">
                  <useText>true</useText>
                  <ScriptingTextInput className="com.parasoft.scripting.ScriptingTextInput" version="1.3">
                  </ScriptingTextInput>
                 </ScriptingInput>
                 <ScriptEngineIdentifier className="com.parasoft.scripting.jsr223.ScriptEngineIdentifier" version="1.1">
                 </ScriptEngineIdentifier>
                </ScriptCode>
                <methodId>true</methodId>
                <ScriptMethodIdentifier className="com.parasoft.scripting.jsr223.ScriptMethodIdentifier" version="2.1.1">
                </ScriptMethodIdentifier>
               </UserMethod>
              </ScriptedValue>
             </MultiValue>
            </NameValuePair>
            <NameValuePair className="webtool.data.NameValuePair" version="3.3">
             <name>MessageId</name>
             <MultiValue className="webtool.data.MultiValue" version="1.4">
              <StringTestValue className="webtool.data.StringTestValue" version="4.1">
               <value>FTP_POS_MSGId_21Sep_001</value>
              </StringTestValue>
              <ParameterizedTestValue className="webtool.data.ParameterizedTestValue" version="3.1">
               <column>MessageId</column>
              </ParameterizedTestValue>
              <selectedIndex>-2</selectedIndex>
              <valuesSize>1</valuesSize>
              <ScriptedValue className="webtool.data.ScriptedValue" version="1.1">
               <UserMethod className="com.parasoft.scripting.UserMethod" version="2.2">
                <code>true</code>
                <ScriptCode className="com.parasoft.scripting.jsr223.ScriptCode" version="2.1.1.1">
                 <ScriptingInput className="com.parasoft.scripting.ScriptingInput" version="6">
                  <useText>true</useText>
                  <ScriptingTextInput className="com.parasoft.scripting.ScriptingTextInput" version="1.3">
                  </ScriptingTextInput>
                 </ScriptingInput>
                 <ScriptEngineIdentifier className="com.parasoft.scripting.jsr223.ScriptEngineIdentifier" version="1.1">
                 </ScriptEngineIdentifier>
                </ScriptCode>
                <methodId>true</methodId>
                <ScriptMethodIdentifier className="com.parasoft.scripting.jsr223.ScriptMethodIdentifier" version="2.1.1">
                </ScriptMethodIdentifier>
               </UserMethod>
              </ScriptedValue>
             </MultiValue>
            </NameValuePair>
            <NameValuePair className="webtool.data.NameValuePair" version="3.3">
             <name>TraceabilityId</name>
             <MultiValue className="webtool.data.MultiValue" version="1.4">
              <StringTestValue className="webtool.data.StringTestValue" version="4.1">
               <value>${TRACEABILITYID}</value>
              </StringTestValue>
              <ParameterizedTestValue className="webtool.data.ParameterizedTestValue" version="3.1">
               <column>TraceabilityId</column>
              </ParameterizedTestValue>
              <selectedIndex>-2</selectedIndex>
              <valuesSize>1</valuesSize>
              <ScriptedValue className="webtool.data.ScriptedValue" version="1.1">
               <UserMethod className="com.parasoft.scripting.UserMethod" version="2.2">
                <code>true</code>
                <ScriptCode className="com.parasoft.scripting.jsr223.ScriptCode" version="2.1.1.1">
                 <ScriptingInput className="com.parasoft.scripting.ScriptingInput" version="6">
                  <useText>true</useText>
                  <ScriptingTextInput className="com.parasoft.scripting.ScriptingTextInput" version="1.3">
                  </ScriptingTextInput>
                 </ScriptingInput>
                 <ScriptEngineIdentifier className="com.parasoft.scripting.jsr223.ScriptEngineIdentifier" version="1.1">
                 </ScriptEngineIdentifier>
                </ScriptCode>
                <methodId>true</methodId>
                <ScriptMethodIdentifier className="com.parasoft.scripting.jsr223.ScriptMethodIdentifier" version="2.1.1">
                </ScriptMethodIdentifier>
               </UserMethod>
              </ScriptedValue>
             </MultiValue>
            </NameValuePair>
           </NameValueProperties>
           <Authentication className="webtool.security.Authentication" version="2.4">
            <NameValuePair className="webtool.data.NameValuePair" version="3.3">
             <name>Service</name>
             <MultiValue className="webtool.data.MultiValue" version="1.4">
              <StringTestValue className="webtool.data.StringTestValue" version="4.1">
              </StringTestValue>
              <ParameterizedTestValue className="webtool.data.ParameterizedTestValue" version="3.1">
              </ParameterizedTestValue>
             </MultiValue>
            </NameValuePair>
            <NameValuePair className="webtool.data.NameValuePair" version="3.3">
             <name>Username</name>
             <MultiValue className="webtool.data.MultiValue" version="1.4">
              <StringTestValue className="webtool.data.StringTestValue" version="4.1">
              </StringTestValue>
              <ParameterizedTestValue className="webtool.data.ParameterizedTestValue" version="3.1">
              </ParameterizedTestValue>
             </MultiValue>
            </NameValuePair>
            <NameValuePair className="webtool.data.NameValuePair" version="3.3">
             <name>Password</name>
             <MultiValue className="webtool.data.MultiValue" version="1.4">
              <PasswordTestValue className="webtool.data.PasswordTestValue" version="1.1">
              </PasswordTestValue>
              <ParameterizedTestValue className="webtool.data.ParameterizedTestValue" version="3.1">
              </ParameterizedTestValue>
             </MultiValue>
            </NameValuePair>
           </Authentication>
          </CommonHTTPProperties>
          <protocol>1</protocol>
          <ApplyableBooleanConfiguration className="com.parasoft.gui.ApplyableBooleanConfiguration" version="1.2.2">
          </ApplyableBooleanConfiguration>
          <ApplyableBooleanConfiguration className="com.parasoft.gui.ApplyableBooleanConfiguration" version="1.2.2">
          </ApplyableBooleanConfiguration>
          <ApplyableBooleanConfiguration className="com.parasoft.gui.ApplyableBooleanConfiguration" version="1.2.2">
           <bool>true</bool>
          </ApplyableBooleanConfiguration>
         </HTTPClientHTTPProperties>
         <NoneTransportProperties className="webtool.messaging.NoneTransportProperties" version="1">
         </NoneTransportProperties>
        </ProtocolPropertiesManager>
        <ApplyableBooleanConfiguration className="com.parasoft.gui.ApplyableBooleanConfiguration" version="1.2.2">
         <inverted>true</inverted>
        </ApplyableBooleanConfiguration>
       </TransportProperties>
       <MessagingOutputProvider className="webtool.messaging.MessagingOutputProvider" version="1.2">
        <HTTPNamedToolOutputProvider className="webtool.tool.HTTPNamedToolOutputProvider" version="1.1.2.1">
         <menuName>Transport Header</menuName>
         <name>Request Transport Header</name>
        </HTTPNamedToolOutputProvider>
        <HTTPNamedToolOutputProvider className="webtool.tool.HTTPNamedToolOutputProvider" version="1.1.2.1">
         <menuName>Transport Header</menuName>
         <name>Response Transport Header</name>
        </HTTPNamedToolOutputProvider>
        <NamedXMLToolOutputProvider className="webtool.xml.NamedXMLToolOutputProvider" version="1.2.1">
         <menuName>Traffic</menuName>
         <name>Request Traffic</name>
        </NamedXMLToolOutputProvider>
        <HTTPOutputProvider className="webtool.messaging.HTTPOutputProvider" version="1">
         <m_name>Traffic Stream</m_name>
         <m_outputsSize>1</m_outputsSize>
         <FileStreamWriter className="webtool.stream.FileStreamWriter" version="2.5">
          <name>File</name>
          <FileWriterProperties className="webtool.stream.FileWriterProperties" version="5">
           <targetDirectory>true</targetDirectory>
           <RelativeLocation className="com.parasoft.util.RelativeLocation" version="1.4">
            <path>${OUTPUT}\ftpdeliveries\Positive</path>
           </RelativeLocation>
           <createDirectories>true</createDirectories>
           <targetPattern>%b_%t_%d.txt</targetPattern>
          </FileWriterProperties>
         </FileStreamWriter>
        </HTTPOutputProvider>
        <ObjectOutputProvider className="webtool.messaging.ObjectOutputProvider" version="1.3.1">
         <outputToolsSize>1</outputToolsSize>
         <TrafficViewer className="webtool.traffic.TrafficViewer" version="v.2.3.14">
          <iconName>TrafficViewer</iconName>
          <name>Traffic Viewer</name>
          <showRequestHeaders>true</showRequestHeaders>
          <showResponseHeaders>true</showResponseHeaders>
          <saveTraffic>true</saveTraffic>
          </TrafficViewer>
         <name>Traffic Object</name>
        </ObjectOutputProvider>
       </MessagingOutputProvider>
	    <outputToolsSize>1-assertiontemplate</outputToolsSize>
		<GenericAssertionTool className="webtool.assertor.GenericAssertionTool" version="v.2.1.14">
       <dataSourceNames size="1">
        <dataSourceName index="0">printdeliveries.xlsx</dataSourceName>
       </dataSourceNames>
       <enabled>false</enabled>
       <iconName>XMLAssertor</iconName>
       <name>JSON Assertor_For_NegativeScenarios</name>	 		
		 <XMLAssertionTool className="webtool.xml.assertion.XMLAssertionTool" version="v.2.2.1.14">
			<dataSourceNames size="1">
			  <dataSourceName index="0">printdeliveries.xlsx</dataSourceName>
			</dataSourceNames>
			<iconName>XMLAssertor</iconName>
			<name>XML Assertor</name>
			<assertionsSize>1-template</assertionsSize>
			<ExpectedXMLMessage className="webtool.xml.ExpectedXMLMessage" version="1.2.1">
				<message>true</message>
			</ExpectedXMLMessage>
		  </XMLAssertionTool>  
		 <TextXmlConversionStrategySerializer className="webtool.textxmlconvert.TextXmlConversionStrategySerializer" version="3">
        <dataFormatName>JSON</dataFormatName>
        <conversionStrategyId>JSON</conversionStrategyId>
        <conversionStrategyClassName>com.parasoft.xml.convert.json.JsonConversionStrategy</conversionStrategyClassName>
       </TextXmlConversionStrategySerializer>
       <ConversionOptionSetSerializer className="webtool.textxmlconvert.ConversionOptionSetSerializer" version="2">
       </ConversionOptionSetSerializer>
       <TextXmlModelTypeSerializer className="webtool.textxmlconvert.TextXmlModelTypeSerializer" version="2">
       </TextXmlModelTypeSerializer>
      </GenericAssertionTool>		  
       <UserMethod className="com.parasoft.scripting.UserMethod" version="2.2">
        <code>true</code>
        <ScriptCode className="com.parasoft.scripting.jsr223.ScriptCode" version="2.1.1.1">
         <ScriptingInput className="com.parasoft.scripting.ScriptingInput" version="6">
          <useText>true</useText>
          <ScriptingTextInput className="com.parasoft.scripting.ScriptingTextInput" version="1.3">
          </ScriptingTextInput>
         </ScriptingInput>
         <ScriptEngineIdentifier className="com.parasoft.scripting.jsr223.ScriptEngineIdentifier" version="1.1">
         </ScriptEngineIdentifier>
        </ScriptCode>
        <methodId>true</methodId>
        <ScriptMethodIdentifier className="com.parasoft.scripting.jsr223.ScriptMethodIdentifier" version="2.1.1">
        </ScriptMethodIdentifier>
       </UserMethod>
       <XMLBuilder className="webtool.xml.builder.XMLBuilder" version="6.6">
       </XMLBuilder>
       <InputUsable className="webtool.tool.InputUsable" version="5">
        <use>1</use>
        <TextUsable className="webtool.packet.TextUsable" version="4">
         <MessagingClient_LiteralMessage>{&quot;originatingBranchNum&quot;:&quot;012&quot;,&quot;originatingApplicationName&quot;:&quot;CLK&quot;,&quot;originatingPartyId&quot;:&quot;JDDK2&quot;,&quot;ftpJob&quot;:[{&quot;referenceNum&quot;:&quot;LKJLK78748&quot;,&quot;outputTemplateId&quot;:&quot;43565&quot;,&quot;pdfFile&quot;:&quot;EASDJYUIPO:IUIU%$^FDGFHD*432353455543534JHJHGJ&quot;}]}</MessagingClient_LiteralMessage>
         <type>application/json</type>
        </TextUsable>
        <InputUsableDataSource className="webtool.tool.InputUsableDataSource" version="1">
        </InputUsableDataSource>
       </InputUsable>
       <mode>Form JSON</mode>
       <QueryParametersLiteral className="webtool.soap.http.QueryParametersLiteral" version="1.1">
        <isPropertiesRef>true</isPropertiesRef>
       </QueryParametersLiteral>
       <QueryParametersWadl className="webtool.soap.http.QueryParametersWadl" version="1.1">
       </QueryParametersWadl>
       <UrlPathParametersLiteral className="webtool.soap.http.UrlPathParametersLiteral" version="1.1">
        template</UrlPathParametersLiteral>
       <UrlPathParametersWadl className="webtool.soap.http.UrlPathParametersWadl" version="1.1">
       </UrlPathParametersWadl>
       <RESTResourceMethod className="webtool.soap.http.RESTResourceMethod" version="2.2">
        <httpMethod>GET</httpMethod>
       </RESTResourceMethod>
       <MultiValue className="webtool.data.MultiValue" version="1.4">
        <StringTestValue className="webtool.data.StringTestValue" version="4.1">
        </StringTestValue>
        <ParameterizedTestValue className="webtool.data.ParameterizedTestValue" version="3.1">
        </ParameterizedTestValue>
        <selectedIndex>1</selectedIndex>
        <valuesSize>2</valuesSize>
        <ScriptedValue className="webtool.data.ScriptedValue" version="1.1">
         <UserMethod className="com.parasoft.scripting.UserMethod" version="2.2">
          <code>true</code>
          <ScriptCode className="com.parasoft.scripting.jsr223.ScriptCode" version="2.1.1.1">
           <ScriptingInput className="com.parasoft.scripting.ScriptingInput" version="6">
            <useText>true</useText>
            <ScriptingTextInput className="com.parasoft.scripting.ScriptingTextInput" version="1.3">
            </ScriptingTextInput>
           </ScriptingInput>
           <ScriptEngineIdentifier className="com.parasoft.scripting.jsr223.ScriptEngineIdentifier" version="1.1">
           </ScriptEngineIdentifier>
          </ScriptCode>
          <methodId>true</methodId>
          <ScriptMethodIdentifier className="com.parasoft.scripting.jsr223.ScriptMethodIdentifier" version="2.1.1">
          </ScriptMethodIdentifier>
         </UserMethod>
        </ScriptedValue>
        <WadlTestValue className="webtool.messaging.wadl.WadlTestValue" version="1.1">
        </WadlTestValue>
       </MultiValue>
      </RESTClient>
     </RESTClientToolTest>
     </TestSuite>
    