<MultiValue className="webtool.data.MultiValue" index="0" version="1.4">
                  <StringTestValue className="webtool.data.StringTestValue" version="4.1">
                    <value>com-td-ocp-delivery-api</value>
                  </StringTestValue>
                  <ParameterizedTestValue className="webtool.data.ParameterizedTestValue" version="3.1" />
                  <valuesSize>1</valuesSize>
                  <ScriptedValue className="webtool.data.ScriptedValue" version="1.1">
                    <UserMethod className="com.parasoft.scripting.UserMethod" version="2.2">
                      <code>true</code>
                      <ScriptCode className="com.parasoft.scripting.jsr223.ScriptCode" version="2.1.1.1">
                        <ScriptingInput className="com.parasoft.scripting.ScriptingInput" version="6">
                          <useText>true</useText>
                          <ScriptingTextInput className="com.parasoft.scripting.ScriptingTextInput" version="1.3" />
                        </ScriptingInput>
                        <ScriptEngineIdentifier className="com.parasoft.scripting.jsr223.ScriptEngineIdentifier" version="1.1" />
                      </ScriptCode>
                      <methodId>true</methodId>
                      <ScriptMethodIdentifier className="com.parasoft.scripting.jsr223.ScriptMethodIdentifier" version="2.1.1" />
                    </UserMethod>
                  </ScriptedValue>
                </MultiValue>
              